feature,benign_importance,DrDoS_DNS_importance,DrDoS_LDAP_importance,DrDoS_MSSQL_importance,DrDoS_NetBIOS_importance,DrDoS_NTP_importance,DrDoS_SNMP_importance,DrDoS_SSDP_importance,DrDoS_UDP_importance,Syn_importance,TFTP_importance,UDPLag_importance,mean_importance,std_importance,max_importance
 Average Packet Size,0.0,0.02250503934919834,0.4872015118598938,0.6488237380981445,0.6205630302429199,0.008412759751081467,0.12092574685811996,0.13298851251602173,0.007836861535906792,0.0,0.007085762452334166,0.06411867588758469,0.17670513654593378,0.24252983123471694,0.6488237380981445
 ACK Flag Count,0.0016043696086853743,0.0073935408145189285,0.0,0.0,0.0,0.011242560110986233,0.0,0.0,0.0,0.8022934198379517,0.8099938035011292,0.0009332648478448391,0.13612174656009302,0.2996664311051264,0.8099938035011292
 min_seg_size_forward,0.00015203753719106317,0.00970996543765068,0.004343860317021608,0.023768935352563858,0.010882302187383175,0.020586734637618065,0.00018922048911917955,0.008089288137853146,0.7544930577278137,0.0014221592573449016,0.0,0.2814224660396576,0.09292166892676808,0.2133332703580636,0.7544930577278137
 Min Packet Length,0.003551285481080413,0.006840081885457039,0.2738235890865326,0.014314990490674973,0.003405096009373665,0.002883676905184984,0.015083106234669685,0.4753515422344208,0.018453694880008698,0.0,0.002898308914154768,0.09805259853601456,0.07622149755479768,0.14192040761356353,0.4753515422344208
 Inbound,0.8112720251083374,0.039227891713380814,0.0005643990589305758,0.005955670028924942,0.04345615580677986,0.005855056457221508,0.0011543778236955404,0.0006429252098314464,0.0,0.0,0.0002238675078842789,0.0006822870927862823,0.07575288798398105,0.22226108803338912,0.8112720251083374
 act_data_pkt_fwd,0.0006015253020450473,0.20502853393554688,0.0,0.008197442628443241,0.0,0.6795175075531006,0.0,0.0,0.0024101375602185726,0.0,0.0,0.0007501820800825953,0.07470877742161974,0.1908048429564198,0.6795175075531006
 Fwd Packet Length Mean,0.0018777771620079875,0.17497719824314117,0.001253479509614408,0.0073071992956101894,0.0012175843585282564,0.0012416887329891324,0.4307509660720825,0.010940073989331722,0.006190357729792595,0.0,0.0,0.004824192728847265,0.05338170981849544,0.12322436402235827,0.4307509660720825
 Source Port,0.10534495860338211,0.08449999243021011,0.03820757567882538,0.04512036219239235,0.1922803372144699,0.007218804210424423,0.0006307765725068748,0.026463834568858147,0.04088111221790314,0.009905560873448849,0.010756167583167553,0.05909089371562004,0.051700031321767405,0.05224951518890568,0.1922803372144699
 Packet Length Mean,0.0,0.10973614454269409,0.001689199940301478,0.007078112103044987,0.0010507424594834447,0.006552298553287983,0.13089509308338165,0.00354431732557714,0.035963281989097595,0.0,0.0016935233725234866,0.22192899882793427,0.04334430934977718,0.06909477494634661,0.22192899882793427
 Max Packet Length,0.00016767397755756974,0.008027699775993824,0.0015249601565301418,0.005311112385243177,0.009484531357884407,0.008219026029109955,0.2900821566581726,0.024295585229992867,0.006826619617640972,0.0028124668169766665,0.005103849805891514,0.004837924614548683,0.030557800535461865,0.07846924276067825,0.2900821566581726
 Fwd Packet Length Min,0.0009262518724426627,0.004127716179937124,0.1431683599948883,0.015277935191988945,0.00324846338480711,0.005259864963591099,0.0005644549964927137,0.05496262013912201,0.005225540604442358,0.0,0.003397368360310793,0.087969571352005,0.027010678920002345,0.0436181251203311,0.1431683599948883
 Fwd Header Length,0.0011629110667854548,0.0034672394394874573,0.0026090277824550867,0.016314156353473663,0.009040393866598606,0.002392282010987401,0.0007703087758272886,0.005704209208488464,0.008453837595880032,0.014406268484890461,0.10486076772212982,0.06494251638650894,0.019510326557792723,0.030729194618344363,0.10486076772212982
Flow Bytes/s,0.00045569156645797193,0.023600438609719276,0.006408084183931351,0.03045806474983692,0.009682204574346542,0.0015085467603057623,0.00024409769685007632,0.1149427741765976,0.004649820737540722,0.0002578231506049633,0.0008028312586247921,0.005273062735795975,0.01652362001671766,0.03110150604507919,0.1149427741765976
Fwd IAT Total,7.020340126473457e-05,0.06162278726696968,0.007738729007542133,0.0025253125932067633,0.0,0.06361225992441177,0.0,0.006238558795303106,0.005223839543759823,0.0013617519289255142,0.0004016592865809798,0.003023496363312006,0.012651549842606377,0.022484777008092253,0.06361225992441177
 Idle Std,0.0,0.0006471575470641255,0.0,0.0,0.0,0.0006891923840157688,0.0,0.0,0.0,0.12387827038764954,0.0,0.0,0.010434551693227453,0.034205459170534074,0.12387827038764954
Fwd Packets/s,0.000469717662781477,0.01291868556290865,0.0026945644058287144,0.02113942801952362,0.0015949009684845805,0.0014426694251596928,5.4262873163679615e-05,0.07268831133842468,0.0021847651805728674,0.002823175396770239,0.002133740810677409,0.0023427375126630068,0.010207246596413219,0.019752632545440258,0.07268831133842468
 Fwd Packet Length Max,0.00012353785859886557,0.010363832116127014,0.0014379495987668633,0.004223345313221216,0.03653186559677124,0.005163237452507019,0.00036820684908889234,0.0071076336316764355,0.014453762210905552,0.0,0.006549895275384188,0.01569090597331524,0.008501180989696877,0.009874187060676505,0.03653186559677124
 Flow IAT Min,0.00022983094095252454,0.011196858249604702,0.001528023974969983,0.0214743260294199,0.009628310799598694,0.0025034048594534397,2.9670582080143504e-05,0.006606969516724348,0.01930529996752739,0.000222643357119523,0.00022983962844591588,0.02861865982413292,0.008464486477502456,0.00941445095426218,0.02861865982413292
 Flow Duration,0.0005252419505268335,0.01803762838244438,0.005385833326727152,0.01548673864454031,0.010904338210821152,0.012569027952849865,0.0002099948760587722,0.002736591501161456,0.0026781850028783083,0.0071825869381427765,0.0025946171954274178,0.0030346547719091177,0.0067787865627906285,0.005789187539915003,0.01803762838244438
Total Length of Fwd Packets,0.0004410356923472136,0.01048075221478939,0.001268718857318163,0.009586443193256855,0.0017519438406452537,0.0005134346429258585,0.0074417078867554665,0.008547233417630196,0.008492563851177692,0.0,6.983630009926856e-05,0.01579982228577137,0.005366124348559727,0.005095232851020394,0.01579982228577137
 Total Fwd Packets,0.00030743060051463544,0.02216471917927265,0.001200381782837212,0.0025278141256421804,0.024876518175005913,0.0024959295988082886,0.0,0.0031863448675721884,0.003360309172421694,0.0004546838463284075,7.58933019824326e-05,0.0006421310245059431,0.005107679639574296,0.00833306404637201,0.024876518175005913
 Fwd IAT Min,0.0001676038809819147,0.010871786624193192,0.0020202461164444685,0.01164334174245596,0.003077929140999913,0.010362336412072182,0.0001280017604585737,0.002176781417801976,0.01700514182448387,0.00016380373563151807,0.00024151978141162544,0.0026082168333232403,0.005038892439188203,0.005559201269784171,0.01700514182448387
 Protocol,0.0005452674231491983,0.022970721125602722,0.0,0.0,0.0,0.02516622096300125,0.0,0.0,0.0,0.0,0.005874084774404764,0.0,0.004546357857179828,0.008887080781964566,0.02516622096300125
 Destination Port,0.029500694945454597,0.0016742985462769866,0.0009882126469165087,0.0027201143093407154,0.0010487112449482083,0.002310010837391019,0.0001099536384572275,0.001556328614242375,0.003817181335762143,0.0020916236098855734,0.0037707388401031494,0.0032978232484310865,0.004407140984767466,0.007644743456665592,0.029500694945454597
 Init_Win_bytes_backward,0.0002282397326780483,0.00518758175894618,0.0004896486643701792,0.005205894820392132,0.0,0.03812527656555176,0.0,0.0005677238223142922,0.0,0.0,0.0005832171300426126,0.0006820445414632559,0.004255802252979872,0.010374754259317642,0.03812527656555176
 Fwd Packet Length Std,0.0,0.002432001754641533,0.0,0.001852952758781612,0.0,0.03203056752681732,0.0,0.0,0.00621282821521163,0.0,0.0,0.00342376297339797,0.003829342769070839,0.008706608205668551,0.03203056752681732
 Flow Packets/s,0.001123662805184722,0.008730513975024223,0.0010905275121331215,0.007665897719562054,0.004885982722043991,0.0011433725012466311,4.111653470317833e-05,0.0013415612047538161,0.0028553097508847713,0.00169315654784441,0.002675826195627451,0.004046417307108641,0.003107778731343084,0.0026311433406287473,0.008730513975024223
Init_Win_bytes_forward,0.0027995260898023844,0.0036100398283451796,0.0009526200010441244,0.0025008292868733406,0.0,0.005375616252422333,0.0,0.0028063857462257147,0.0,0.006622135639190674,0.011104034259915352,0.0,0.002980932258651592,0.003231681562145039,0.011104034259915352
 Flow IAT Max,0.00017654405382927507,0.009206224232912064,0.0016027609817683697,0.00444008456543088,0.0007699236157350242,0.001862930366769433,0.0,0.007758541963994503,0.0032534676138311625,0.0007993786712177098,0.00021659873891621828,0.00312465475872159,0.0027675924635938523,0.0028931933782827242,0.009206224232912064
 Flow IAT Mean,0.00014514499343931675,0.0038259185384958982,0.0019057566532865167,0.00908427219837904,0.0006186960963532329,0.0011376284528523684,0.00032684989855624735,0.00676350062713027,0.003583482000976801,0.0016337028937414289,0.0005433076876215637,0.0026855957694351673,0.002687821317522321,0.0026562617769358772,0.00908427219837904
Active Mean,0.026232561096549034,0.0,0.0,0.0030608337838202715,0.0,0.0,0.0,0.0,0.0,8.711645205039531e-05,0.00010266565368510783,0.0,0.002456931415508734,0.007217432316290727,0.026232561096549034
 Fwd IAT Std,0.0,0.010841104201972485,0.00038729043444618583,0.0024776060599833727,0.0,0.0012809589970856905,0.0,0.0020738476887345314,0.0035358862951397896,0.0029815505258738995,0.001987767405807972,0.0028376614209264517,0.0023669727524975315,0.0028273179733996428,0.010841104201972485
 Fwd IAT Mean,0.00013262403081171215,0.006120319478213787,0.0011080962140113115,0.005213325843214989,0.0,0.0010045496746897697,0.0,0.0029134221840649843,0.0033220143523067236,0.0014726723311468959,0.0027002361603081226,0.0033800771925598383,0.002280611455110678,0.0019340408707824732,0.006120319478213787
 Fwd IAT Max,8.427647117059678e-06,0.005605592392385006,0.0004423684149514884,0.0031051598489284515,0.0,0.00429471954703331,0.0,0.001983462367206812,0.0031103333458304405,0.0001150654861703515,9.765845607034862e-05,0.002458346774801612,0.0017684278567079066,0.0018675197045253627,0.005605592392385006
 Idle Min,0.0005262363119982183,0.0017425294499844313,0.0,0.0009972573025152087,0.0,0.003212053095921874,0.0,0.0,0.0,0.0070326910354197025,0.007298480253666639,0.0,0.0017341039541255061,0.0026023434901200054,0.007298480253666639
 Flow IAT Std,0.00028756936080753803,0.004508740734308958,0.00045058547402732074,0.002136146416887641,0.0,0.002187339123338461,0.0,0.003207795787602663,0.0027796977665275335,0.00013210187898948789,0.00020563257567118853,0.0022293950896710157,0.0015104170173193172,0.001461515685653386,0.004508740734308958
 Bwd IAT Mean,0.00041866174433380365,0.00939645804464817,0.00038453907473012805,0.0024452293291687965,0.0,0.0012838802067562938,0.0,0.0,0.0,0.0,7.870425179135054e-05,0.0,0.0011672893876190453,0.0025803663626249797,0.00939645804464817
 URG Flag Count,0.0010405969806015491,0.007833967916667461,0.0012220079079270363,0.0,0.0,0.002010026713833213,0.0,0.0005112283397465944,0.0,0.0,5.0013150030281395e-05,0.0,0.0010556534174005112,0.0021385043876362714,0.007833967916667461
 Bwd Packets/s,0.0001774866395862773,0.0025946481619030237,0.001573716988787055,0.004608526825904846,0.0,0.0024510016664862633,0.0,0.0,0.0,0.0002521900460124016,0.00019276003877166659,0.00041112618055194616,0.0010217880456669566,0.0014208971840376603,0.004608526825904846
 Packet Length Std,7.521080260630697e-05,0.0023811364080756903,0.0,0.0024703775998204947,0.0,0.0014150324277579784,0.0,0.0,0.0034416066482663155,0.0,0.0,0.0016528288833796978,0.0009530160641588736,0.0012061707221817186,0.0034416066482663155
 Bwd IAT Min,0.00018148439994547516,0.0036913766525685787,0.0007830971735529602,0.0012226487742736936,0.0,0.0027056860271841288,0.0,0.0,0.0,9.719033550936729e-05,0.0003510825918056071,0.0015282456297427416,0.000880067632048546,0.0011641183170598018,0.0036913766525685787
 Active Min,0.0028654809575527906,0.0,0.0,0.0027135994751006365,0.0,0.0,0.0,0.0,0.0,0.002848265692591667,0.001517719472758472,0.0,0.0008287554665002972,0.0012161642434275186,0.0028654809575527906
 Total Backward Packets,0.002783233532682061,0.0012482256861403584,0.0,0.002794291591271758,0.0,0.0003333498607389629,0.0,0.0,0.0,0.001678289845585823,0.00013049066183157265,0.0,0.000747323431520878,0.0010549652747331394,0.002794291591271758
 Down/Up Ratio,0.0,0.0006549767567776144,0.0016650576144456863,0.0013249977491796017,0.0,0.00289162783883512,0.0,0.0,0.0,0.0,0.0,0.001180529361590743,0.0006430991100690638,0.0009013542586074831,0.00289162783883512
 Bwd Header Length,0.0001288608182221651,0.0026242188178002834,0.0003128692915197462,0.00232203328050673,0.0,0.00028447716613300145,0.0,0.0005596634582616389,0.0,9.943710028892383e-05,9.852205948845949e-06,0.0004743056488223374,0.0005679764822919727,0.0008732501047920017,0.0026242188178002834
 CWE Flag Count,3.975430809077807e-05,0.003573826514184475,0.0002768939302768558,0.0011750714620575309,0.0,0.001606925274245441,0.0,0.0,0.0,0.0,0.0,0.0,0.0005560392907379234,0.0010449614056247368,0.003573826514184475
 Bwd Packet Length Min,0.0,0.004793893545866013,0.0,0.0,0.0,0.000918011472094804,0.0,0.0,0.0,0.0,0.0,0.0,0.00047599208483006805,0.0013261893660077037,0.004793893545866013
 Total Length of Bwd Packets,0.0,0.005231332499533892,0.0,0.0,0.0,0.00012530489766504616,0.0,0.0,0.0,0.0,0.0,0.0,0.00044638644976657815,0.0014431276995827455,0.005231332499533892
Idle Mean,0.00037676055217161775,0.0,0.0,0.0006389537011273205,0.0,0.00015111429092939943,0.0,0.0,0.0,0.0028536461759358644,0.0007571614114567637,0.0,0.00039813634430174716,0.000784616954919465,0.0028536461759358644
Bwd IAT Total,7.192043267423287e-05,0.0014752724673599005,8.846665878081694e-05,0.0023874479811638594,0.0,0.00031880574533715844,0.0,0.0,0.0,0.00011649640509858727,0.00016859722381923348,0.0,0.0003855839095194824,0.0007216225778434974,0.0023874479811638594
 SYN Flag Count,0.00012891758524347097,0.0020673046819865704,0.00020701931498479098,0.0,0.0,0.000532593228854239,0.0,0.0007424277137033641,0.0,0.0,0.00016687752213329077,0.0,0.00032042833724214387,0.0005747344402650765,0.0020673046819865704
 Bwd Packet Length Mean,3.548583117662929e-05,0.002275728387758136,0.0,0.0008941299747675657,0.0,0.0005632629618048668,0.0,0.0,0.0,0.0,0.0,0.0,0.00031405059629226645,0.0006527760712655885,0.002275728387758136
 Bwd Packet Length Std,0.0,0.0013711006613448262,0.0,0.001007016166113317,0.0,0.0010262873256579041,0.0,0.0,0.0,0.0,0.0,0.0,0.00028370034609300393,0.0004984504004646428,0.0013711006613448262
 Active Std,0.0,0.0,0.0,0.003209372516721487,0.0,0.0,0.0,0.0,0.0,2.8190725060994737e-05,0.0,0.0,0.00026979693681520683,0.000886349349047741,0.003209372516721487
 Active Max,0.0,0.0023406848777085543,0.0,0.0,0.0,0.0,0.0,0.0,0.0,0.00012819000403396785,0.0003033204993698746,0.0,0.0002310162817593664,0.0006420552565752326,0.0023406848777085543
 Bwd IAT Std,0.0005185876507312059,0.0007459557382389903,0.0,0.0010668575996533036,0.0,0.0002829143777489662,0.0,0.0,0.0,0.0,0.0,0.0,0.00021785961386437216,0.0003504824129848365,0.0010668575996533036
 Bwd IAT Max,0.0,0.0012417967664077878,0.0,0.0007703005103394389,0.0,0.0004886695533059537,0.0,0.0,0.0,0.0,0.0,0.0,0.00020839723583776504,0.0003929659784638302,0.0012417967664077878
Bwd Packet Length Max,0.0,0.0,0.0,0.0019541196525096893,0.0,0.00025636531063355505,0.0,0.0,0.0,0.0,0.0,0.0,0.00018420708026193702,0.0005382935853074119,0.0019541196525096893
Fwd PSH Flags,0.0,0.0005568086635321379,0.0,0.0,0.0,0.0009811277268454432,0.0,0.0,0.0,0.0,0.0,0.0,0.00012816136586479843,0.00029938039845729485,0.0009811277268454432
 Idle Max,0.0,0.0,0.0,0.0,0.0,0.0,0.0,0.0,0.0,5.2372961363289505e-05,0.0,0.0,4.364413446940792e-06,1.4475121833484293e-05,5.2372961363289505e-05
FIN Flag Count,0.0,0.0,0.0,0.0,0.0,0.0,0.0,0.0,0.0,0.0,0.0,0.0,0.0,0.0,0.0
 Bwd PSH Flags,0.0,0.0,0.0,0.0,0.0,0.0,0.0,0.0,0.0,0.0,0.0,0.0,0.0,0.0,0.0
 Bwd URG Flags,0.0,0.0,0.0,0.0,0.0,0.0,0.0,0.0,0.0,0.0,0.0,0.0,0.0,0.0,0.0
 Fwd URG Flags,0.0,0.0,0.0,0.0,0.0,0.0,0.0,0.0,0.0,0.0,0.0,0.0,0.0,0.0,0.0
 Packet Length Variance,0.0,0.0,0.0,0.0,0.0,0.0,0.0,0.0,0.0,0.0,0.0,0.0,0.0,0.0,0.0
 PSH Flag Count,0.0,0.0,0.0,0.0,0.0,0.0,0.0,0.0,0.0,0.0,0.0,0.0,0.0,0.0,0.0
 RST Flag Count,0.0,0.0,0.0,0.0,0.0,0.0,0.0,0.0,0.0,0.0,0.0,0.0,0.0,0.0,0.0
 Bwd Avg Packets/Bulk,0.0,0.0,0.0,0.0,0.0,0.0,0.0,0.0,0.0,0.0,0.0,0.0,0.0,0.0,0.0
Bwd Avg Bulk Rate,0.0,0.0,0.0,0.0,0.0,0.0,0.0,0.0,0.0,0.0,0.0,0.0,0.0,0.0,0.0
Subflow Fwd Packets,0.0,0.0,0.0,0.0,0.0,0.0,0.0,0.0,0.0,0.0,0.0,0.0,0.0,0.0,0.0
 Fwd Avg Packets/Bulk,0.0,0.0,0.0,0.0,0.0,0.0,0.0,0.0,0.0,0.0,0.0,0.0,0.0,0.0,0.0
Fwd Avg Bytes/Bulk,0.0,0.0,0.0,0.0,0.0,0.0,0.0,0.0,0.0,0.0,0.0,0.0,0.0,0.0,0.0
 Fwd Header Length.1,0.0,0.0,0.0,0.0,0.0,0.0,0.0,0.0,0.0,0.0,0.0,0.0,0.0,0.0,0.0
 Avg Bwd Segment Size,0.0,0.0,0.0,0.0,0.0,0.0,0.0,0.0,0.0,0.0,0.0,0.0,0.0,0.0,0.0
 Avg Fwd Segment Size,0.0,0.0,0.0,0.0,0.0,0.0,0.0,0.0,0.0,0.0,0.0,0.0,0.0,0.0,0.0
 ECE Flag Count,0.0,0.0,0.0,0.0,0.0,0.0,0.0,0.0,0.0,0.0,0.0,0.0,0.0,0.0,0.0
 Bwd Avg Bytes/Bulk,0.0,0.0,0.0,0.0,0.0,0.0,0.0,0.0,0.0,0.0,0.0,0.0,0.0,0.0,0.0
 Fwd Avg Bulk Rate,0.0,0.0,0.0,0.0,0.0,0.0,0.0,0.0,0.0,0.0,0.0,0.0,0.0,0.0,0.0
 Subflow Bwd Packets,0.0,0.0,0.0,0.0,0.0,0.0,0.0,0.0,0.0,0.0,0.0,0.0,0.0,0.0,0.0
 Subflow Bwd Bytes,0.0,0.0,0.0,0.0,0.0,0.0,0.0,0.0,0.0,0.0,0.0,0.0,0.0,0.0,0.0
 Subflow Fwd Bytes,0.0,0.0,0.0,0.0,0.0,0.0,0.0,0.0,0.0,0.0,0.0,0.0,0.0,0.0,0.0
