feature,global_importance,benign_importance,DrDoS_DNS_importance,DrDoS_LDAP_importance,DrDoS_MSSQL_importance,DrDoS_NetBIOS_importance,DrDoS_NTP_importance,DrDoS_SNMP_importance,DrDoS_SSDP_importance,DrDoS_UDP_importance,Syn_importance,TFTP_importance,UDPLag_importance,per_class_mean,per_class_std,per_class_max
ACK Flag Count,0.32093665,0.0,0.0,0.0,0.0,0.0,0.0,0.0,0.0,0.0,0.0,0.0,0.0,0.0,0.0,0.0
act_data_pkt_fwd,0.14895843,0.0,0.0,0.0,0.0,0.0,0.0,0.0,0.0,0.0,0.0,0.0,0.0,0.0,0.0,0.0
Avg Fwd Segment Size,0.06670592,0.0,0.0,0.0,0.0,0.0,0.0,0.0,0.0,0.0,0.0,0.0,0.0,0.0,0.0,0.0
Inbound,0.05292567,0.0,0.0,0.0,0.0,0.0,0.0,0.0,0.0,0.0,0.0,0.0,0.0,0.0,0.0,0.0
Idle Std,0.042254712,0.0,0.0,0.0,0.0,0.0,0.0,0.0,0.0,0.0,0.0,0.0,0.0,0.0,0.0,0.0
Packet Length Mean,0.037957367,0.0,0.0,0.0,0.0,0.0,0.0,0.0,0.0,0.0,0.0,0.0,0.0,0.0,0.0,0.0
Fwd Packet Length Mean,0.036736052,0.0,0.0,0.0,0.0,0.0,0.0,0.0,0.0,0.0,0.0,0.0,0.0,0.0,0.0,0.0
Average Packet Size,0.03488186,0.0,0.0,0.0,0.0,0.0,0.0,0.0,0.0,0.0,0.0,0.0,0.0,0.0,0.0,0.0
Min Packet Length,0.03347941,0.0,0.0,0.0,0.0,0.0,0.0,0.0,0.0,0.0,0.0,0.0,0.0,0.0,0.0,0.0
Max Packet Length,0.021345349,0.0,0.0,0.0,0.0,0.0,0.0,0.0,0.0,0.0,0.0,0.0,0.0,0.0,0.0,0.0
URG Flag Count,0.019758696,0.0,0.0,0.0,0.0,0.0,0.0,0.0,0.0,0.0,0.0,0.0,0.0,0.0,0.0,0.0
Init_Win_bytes_forward,0.01745179,0.002799526,0.0036100398,0.00095262,0.0025008293,0.0,0.0053756163,0.0,0.0028063857,0.0,0.0066221356,0.011104034,0.0,0.002980932225,0.0033753812492249157,0.011104034
Init_Win_bytes_backward,0.014861308,0.0,0.0,0.0,0.0,0.0,0.0,0.0,0.0,0.0,0.0,0.0,0.0,0.0,0.0,0.0
Fwd IAT Total,0.012809814,7.02034e-05,0.061622787,0.007738729,0.0025253126,0.0,0.06361226,0.0,0.006238559,0.0052238395,0.0013617519,0.0004016593,0.0030234964,0.012651549841666667,0.023484583617209735,0.06361226
min_seg_size_forward,0.010884952,0.0,0.0,0.0,0.0,0.0,0.0,0.0,0.0,0.0,0.0,0.0,0.0,0.0,0.0,0.0
Fwd Packet Length Std,0.009555907,0.0,0.0,0.0,0.0,0.0,0.0,0.0,0.0,0.0,0.0,0.0,0.0,0.0,0.0,0.0
Subflow Fwd Bytes,0.008911571,0.0,0.0,0.0,0.0,0.0,0.0,0.0,0.0,0.0,0.0,0.0,0.0,0.0,0.0,0.0
Fwd Packet Length Min,0.008734644,0.0,0.0,0.0,0.0,0.0,0.0,0.0,0.0,0.0,0.0,0.0,0.0,0.0,0.0,0.0
Source Port,0.00786756,0.0,0.0,0.0,0.0,0.0,0.0,0.0,0.0,0.0,0.0,0.0,0.0,0.0,0.0,0.0
CWE Flag Count,0.0074482276,0.0,0.0,0.0,0.0,0.0,0.0,0.0,0.0,0.0,0.0,0.0,0.0,0.0,0.0,0.0
Unnamed: 0,0.0070454,0.0,0.0,0.0,0.0,0.0,0.0,0.0,0.0,0.0,0.0,0.0,0.0,0.0,0.0,0.0
Subflow Fwd Packets,0.0062233456,0.0,0.0,0.0,0.0,0.0,0.0,0.0,0.0,0.0,0.0,0.0,0.0,0.0,0.0,0.0
Bwd Packet Length Min,0.0060021007,0.0,0.0,0.0,0.0,0.0,0.0,0.0,0.0,0.0,0.0,0.0,0.0,0.0,0.0,0.0
Total Length of Fwd Packets,0.0049323826,0.0004410357,0.010480752,0.0012687189,0.009586443,0.0017519438,0.00051343464,0.007441708,0.008547233,0.008492564,0.0,6.98363e-05,0.015799822,0.005366124278333333,0.005321797052290655,0.015799822
Fwd Packet Length Max,0.004816761,0.0,0.0,0.0,0.0,0.0,0.0,0.0,0.0,0.0,0.0,0.0,0.0,0.0,0.0,0.0
Flow Bytes/s,0.004680671,0.00045569157,0.023600439,0.006408084,0.030458065,0.009682205,0.0015085468,0.0002440977,0.114942774,0.0046498207,0.00025782315,0.00080283126,0.0052730627,0.016523620073333332,0.03248446358038874,0.114942774
Total Fwd Packets,0.004416612,0.0,0.0,0.0,0.0,0.0,0.0,0.0,0.0,0.0,0.0,0.0,0.0,0.0,0.0,0.0
Fwd IAT Min,0.0035674095,0.0,0.0,0.0,0.0,0.0,0.0,0.0,0.0,0.0,0.0,0.0,0.0,0.0,0.0,0.0
Protocol,0.0030759978,0.0,0.0,0.0,0.0,0.0,0.0,0.0,0.0,0.0,0.0,0.0,0.0,0.0,0.0,0.0
Flow Packets/s,0.0028379539,0.0,0.0,0.0,0.0,0.0,0.0,0.0,0.0,0.0,0.0,0.0,0.0,0.0,0.0,0.0
Fwd Header Length.1,0.0027213157,0.0,0.0,0.0,0.0,0.0,0.0,0.0,0.0,0.0,0.0,0.0,0.0,0.0,0.0,0.0
Packet Length Std,0.0024420114,0.0,0.0,0.0,0.0,0.0,0.0,0.0,0.0,0.0,0.0,0.0,0.0,0.0,0.0,0.0
Fwd Header Length,0.0022599977,0.0,0.0,0.0,0.0,0.0,0.0,0.0,0.0,0.0,0.0,0.0,0.0,0.0,0.0,0.0
Down/Up Ratio,0.002163783,0.0,0.0,0.0,0.0,0.0,0.0,0.0,0.0,0.0,0.0,0.0,0.0,0.0,0.0,0.0
Flow Duration,0.0021098459,0.0,0.0,0.0,0.0,0.0,0.0,0.0,0.0,0.0,0.0,0.0,0.0,0.0,0.0,0.0
Fwd Packets/s,0.0020815758,0.00046971766,0.012918686,0.0026945644,0.021139428,0.001594901,0.0014426694,5.4262873e-05,0.07268831,0.0021847652,0.0028231754,0.0021337408,0.0023427375,0.010207246519416667,0.020630951470696757,0.07268831
Bwd Packets/s,0.00178708,0.0,0.0,0.0,0.0,0.0,0.0,0.0,0.0,0.0,0.0,0.0,0.0,0.0,0.0,0.0
Destination Port,0.0016172363,0.0,0.0,0.0,0.0,0.0,0.0,0.0,0.0,0.0,0.0,0.0,0.0,0.0,0.0,0.0
Idle Mean,0.001527008,0.00037676055,0.0,0.0,0.0006389537,0.0,0.00015111429,0.0,0.0,0.0,0.0028536462,0.0007571614,0.0,0.00039813634500000003,0.0008195056881119968,0.0028536462
Idle Max,0.0013704102,0.0,0.0,0.0,0.0,0.0,0.0,0.0,0.0,0.0,0.0,0.0,0.0,0.0,0.0,0.0
Flow IAT Min,0.0013437849,0.0,0.0,0.0,0.0,0.0,0.0,0.0,0.0,0.0,0.0,0.0,0.0,0.0,0.0,0.0
Active Mean,0.0011903519,0.026232561,0.0,0.0,0.0030608338,0.0,0.0,0.0,0.0,0.0,8.711645e-05,0.000102665654,0.0,0.002456931408666667,0.007538362170317432,0.026232561
Bwd Header Length,0.0010547356,0.0,0.0,0.0,0.0,0.0,0.0,0.0,0.0,0.0,0.0,0.0,0.0,0.0,0.0,0.0
Bwd Packet Length Max,0.0010450042,0.0,0.0,0.0,0.0019541197,0.0,0.0002563653,0.0,0.0,0.0,0.0,0.0,0.0,0.00018420708333333332,0.0005622293267447252,0.0019541197
Fwd PSH Flags,0.0010112312,0.0,0.00055680866,0.0,0.0,0.0,0.0009811277,0.0,0.0,0.0,0.0,0.0,0.0,0.00012816136333333334,0.0003126926209177867,0.0009811277
Fwd IAT Max,0.000995793,0.0,0.0,0.0,0.0,0.0,0.0,0.0,0.0,0.0,0.0,0.0,0.0,0.0,0.0,0.0
Flow IAT Mean,0.0009517047,0.0,0.0,0.0,0.0,0.0,0.0,0.0,0.0,0.0,0.0,0.0,0.0,0.0,0.0,0.0
Packet Length Variance,0.0009294739,0.0,0.0,0.0,0.0,0.0,0.0,0.0,0.0,0.0,0.0,0.0,0.0,0.0,0.0,0.0
Total Backward Packets,0.0008372322,0.0,0.0,0.0,0.0,0.0,0.0,0.0,0.0,0.0,0.0,0.0,0.0,0.0,0.0,0.0
Fwd IAT Std,0.0007795036,0.0,0.0,0.0,0.0,0.0,0.0,0.0,0.0,0.0,0.0,0.0,0.0,0.0,0.0,0.0
Bwd IAT Min,0.000729282,0.0,0.0,0.0,0.0,0.0,0.0,0.0,0.0,0.0,0.0,0.0,0.0,0.0,0.0,0.0
Flow IAT Std,0.00067320844,0.0,0.0,0.0,0.0,0.0,0.0,0.0,0.0,0.0,0.0,0.0,0.0,0.0,0.0,0.0
Avg Bwd Segment Size,0.00063492235,0.0,0.0,0.0,0.0,0.0,0.0,0.0,0.0,0.0,0.0,0.0,0.0,0.0,0.0,0.0
Flow IAT Max,0.0005847997,0.0,0.0,0.0,0.0,0.0,0.0,0.0,0.0,0.0,0.0,0.0,0.0,0.0,0.0,0.0
Bwd IAT Std,0.000582365,0.0,0.0,0.0,0.0,0.0,0.0,0.0,0.0,0.0,0.0,0.0,0.0,0.0,0.0,0.0
Fwd IAT Mean,0.0005361389,0.0,0.0,0.0,0.0,0.0,0.0,0.0,0.0,0.0,0.0,0.0,0.0,0.0,0.0,0.0
RST Flag Count,0.0005352778,0.0,0.0,0.0,0.0,0.0,0.0,0.0,0.0,0.0,0.0,0.0,0.0,0.0,0.0,0.0
Bwd IAT Mean,0.00046417365,0.0,0.0,0.0,0.0,0.0,0.0,0.0,0.0,0.0,0.0,0.0,0.0,0.0,0.0,0.0
Active Min,0.00041294334,0.0,0.0,0.0,0.0,0.0,0.0,0.0,0.0,0.0,0.0,0.0,0.0,0.0,0.0,0.0
Subflow Bwd Packets,0.0003514411,0.0,0.0,0.0,0.0,0.0,0.0,0.0,0.0,0.0,0.0,0.0,0.0,0.0,0.0,0.0
Total Length of Bwd Packets,0.00034519858,0.0,0.0,0.0,0.0,0.0,0.0,0.0,0.0,0.0,0.0,0.0,0.0,0.0,0.0,0.0
Bwd Packet Length Std,0.00033175948,0.0,0.0,0.0,0.0,0.0,0.0,0.0,0.0,0.0,0.0,0.0,0.0,0.0,0.0,0.0
Idle Min,0.00032012828,0.0,0.0,0.0,0.0,0.0,0.0,0.0,0.0,0.0,0.0,0.0,0.0,0.0,0.0,0.0
Bwd IAT Max,0.0002952161,0.0,0.0,0.0,0.0,0.0,0.0,0.0,0.0,0.0,0.0,0.0,0.0,0.0,0.0,0.0
Bwd Packet Length Mean,0.00022161478,0.0,0.0,0.0,0.0,0.0,0.0,0.0,0.0,0.0,0.0,0.0,0.0,0.0,0.0,0.0
Bwd IAT Total,0.00021300514,7.192043e-05,0.0014752725,8.846666e-05,0.002387448,0.0,0.00031880575,0.0,0.0,0.0,0.000116496405,0.00016859722,0.0,0.00038558391375000003,0.0007537102099753951,0.002387448
Active Std,0.00016332505,0.0,0.0,0.0,0.0,0.0,0.0,0.0,0.0,0.0,0.0,0.0,0.0,0.0,0.0,0.0
Active Max,0.00013917556,0.0,0.0,0.0,0.0,0.0,0.0,0.0,0.0,0.0,0.0,0.0,0.0,0.0,0.0,0.0
SYN Flag Count,0.000119459604,0.0,0.0,0.0,0.0,0.0,0.0,0.0,0.0,0.0,0.0,0.0,0.0,0.0,0.0,0.0
Subflow Bwd Bytes,6.300972e-05,0.0,0.0,0.0,0.0,0.0,0.0,0.0,0.0,0.0,0.0,0.0,0.0,0.0,0.0,0.0
Bwd URG Flags,0.0,0.0,0.0,0.0,0.0,0.0,0.0,0.0,0.0,0.0,0.0,0.0,0.0,0.0,0.0,0.0
FIN Flag Count,0.0,0.0,0.0,0.0,0.0,0.0,0.0,0.0,0.0,0.0,0.0,0.0,0.0,0.0,0.0,0.0
Bwd PSH Flags,0.0,0.0,0.0,0.0,0.0,0.0,0.0,0.0,0.0,0.0,0.0,0.0,0.0,0.0,0.0,0.0
Fwd URG Flags,0.0,0.0,0.0,0.0,0.0,0.0,0.0,0.0,0.0,0.0,0.0,0.0,0.0,0.0,0.0,0.0
PSH Flag Count,0.0,0.0,0.0,0.0,0.0,0.0,0.0,0.0,0.0,0.0,0.0,0.0,0.0,0.0,0.0,0.0
Bwd Avg Bulk Rate,0.0,0.0,0.0,0.0,0.0,0.0,0.0,0.0,0.0,0.0,0.0,0.0,0.0,0.0,0.0,0.0
Bwd Avg Bytes/Bulk,0.0,0.0,0.0,0.0,0.0,0.0,0.0,0.0,0.0,0.0,0.0,0.0,0.0,0.0,0.0,0.0
Bwd Avg Packets/Bulk,0.0,0.0,0.0,0.0,0.0,0.0,0.0,0.0,0.0,0.0,0.0,0.0,0.0,0.0,0.0,0.0
Fwd Avg Bytes/Bulk,0.0,0.0,0.0,0.0,0.0,0.0,0.0,0.0,0.0,0.0,0.0,0.0,0.0,0.0,0.0,0.0
Fwd Avg Packets/Bulk,0.0,0.0,0.0,0.0,0.0,0.0,0.0,0.0,0.0,0.0,0.0,0.0,0.0,0.0,0.0,0.0
ECE Flag Count,0.0,0.0,0.0,0.0,0.0,0.0,0.0,0.0,0.0,0.0,0.0,0.0,0.0,0.0,0.0,0.0
Fwd Avg Bulk Rate,0.0,0.0,0.0,0.0,0.0,0.0,0.0,0.0,0.0,0.0,0.0,0.0,0.0,0.0,0.0,0.0
